title,price,rating,reviews,availability
PlayStation®4 Console – Call of Duty® Modern Warfare II Bundle,$379.94,4.5 out of 5 stars,116 ratings,In Stock
$250 PlayStation Store Gift Card [Digital Code],250.,4.6 out of 5 stars,"253,044 ratings",Available now
"PS4 Controller Charger Dock Station, OIVO 1.8Hrs PS4 Controller Charging Dock, Charging Station Replacement for PlayStation 4 Dualshock 4 Charger",$14.98,4.7 out of 5 stars,"39,483 ratings",In Stock
"Wuthur PS4 Controller Wireless 2 Pack, Compatible with PlayStation 4 - Black & White",$31.98,4.3 out of 5 stars,185 ratings,In Stock
"FASIGO PS4 Controller 2 Pack, Wireless PS4 Controller for PS4 / Pro/Slim & PC, with 2 USB C Cable - Black",$31.99,4.2 out of 5 stars,460 ratings,In Stock
"Seagate (STGD2000100) Game Drive for PS4 Systems 2TB External Hard Drive Portable HDD â€“ USB 3.0, Officially Licensed Product",$108.00,4.7 out of 5 stars,"29,920 ratings",
"Wireless Controller Dual Vibration Game Joystick Controller for Ps4 Controller/Slim/Pro,Compatible with PS4 Console",$19.99,4.0 out of 5 stars,"2,607 ratings",In Stock
Sony DualShock 4 Wireless Controller - Midnight Blue - PlayStation 4,$79.99,4.6 out of 5 stars,"3,486 ratings",In Stock
"Wireless Controller for PS4, Custom Design V2 Gamepad Joystick for PS4 with Non-Slip Grip of Both Sides and 3.5mm Audio Jack! Thumb Caps Included! (Galaxy)",$19.99,4.2 out of 5 stars,"3,113 ratings",In Stock
PlayStation 4 Slim 1TB Limited Edition Console - Days of Play Bundle (Renewed),12.,5.0 out of 5 stars,2 ratings,Not Available
"2.4GHz Wireless Gaming Headset for PC, Ps5, Ps4 - Lossless Audio USB & Type-C Ultra Stable Gaming Headphones with Flip Microphone, 40-Hr Battery Gamer Headset for Switch, Laptop, Mobile, Mac",$31.99,4.3 out of 5 stars,"5,363 ratings",In Stock
Sony Playstation PS4 1TB Black Console,29.,4.7 out of 5 stars,"1,554 ratings",Not Available
PlayStation 4 Slim 1TB Console,31.,4.7 out of 5 stars,"15,738 ratings",Not Available
"Playstation Sony 4, 500GB Slim System [CUH-2215AB01], Black, 3003347",24.,4.4 out of 5 stars,370 ratings,Not Available
PlayStation 4 Pro 1TB Console,31.,4.7 out of 5 stars,"12,777 ratings",Not Available
PlayStation 4 Slim 1TB Console,31.,4.3 out of 5 stars,310 ratings,Not Available
"PDP Phantom Air Dual-Mode Wireless Headset: White - PlayStation 5, PlayStation 4, & Windows 10/11 PC",79.,Previous page of related Sponsored Products,,In Stock
BUFFALO External SSD 1TB - Compatible with PS4 / PS5 / Windows/Mac - USB-C - USB-A - USB 3.2 - External Solid State Drive - SSD-PG1.0U3B,$69.99,4.5 out of 5 stars,"3,452 ratings",In Stock
"KontrolFreek FPS Freek Galaxy Black for PlayStation 4 (PS4) and PlayStation 5 (PS5) | Performance Thumbsticks | 1 High-Rise, 1 Mid-Rise | Black (Limited Edition)",$16.99,4.6 out of 5 stars,"3,447 ratings",In Stock
"CHENGDAO Controller for PS4, Wireless Controllers for PlayStation 4/Pro/Slim, Remote Control with Adjustable RGB Light/1000mAh Battery/6-Axis Motion Sensor/Double Vibration/3.5mm Audio Jack, White",$39.89,4.3 out of 5 stars,144 ratings,In Stock
"CHENGDAO Controller for PS4, Wireless Controllers for PlayStation 4/Pro/Slim, Remote Control with Adjustable RGB Light/1000mAh Battery/6-Axis Motion Sensor/Double Vibration/3.5mm Audio Jack, White",$39.89,4.3 out of 5 stars,144 ratings,In Stock
